<world>
    <window width="800" height="600" />
    <camera>
        <position x="0" y="1" z="20" />
        <lookAt x="0" y="0" z="0" />
        <up x="0" y="1" z="0" />
        <projection fov="60" near="1" far="1000" />
    </camera>

    <group>
        <models>
            <model file="torus.3d">
                <!-- <texture file="textures\box.jpg"/> -->
                <color>
                    <diffuse R="255" G="0" B="255" />
                    <ambient R="32" G="0" B="32" />
                    <specular R="255" G="255" B="255" />
                    <emissive R="0" G="0" B="0" />
                    <shininess value="128" />
                </color>
            </model>
        </models>
    </group>

    <lights>
        <light type="directional" dirX="0" dirY="0" dirZ="1"/>
        <!--
        <light type="spotlight" posX="0" posY="1" posZ="0" dirX="0" dirY="-1" dirZ="0" cutoff="45" />
        <light type="point" posX="0" posY="3" posZ="0" />
                                -->
    </lights>
</world>