<world>
    <window width="800" height="600" />
    <camera>
        <position x="0" y="1" z="20" />
        <lookAt x="0" y="0" z="0" />
        <up x="0" y="1" z="0" />
        <projection fov="60" near="1" far="1000" />
    </camera>

    <group>
        <transform>
            <translate x="0" y="1" z="0" />
        </transform>

        <group>
            <transform>
            </transform>

            <models>
                <model file="patch.3d" />
            </models>
        </group>

        <group>
            <transform>
                <rotate angle="45" x="0" y ="1" z = "0" />
                <translate x="3.5" y="0" z="0" />
            </transform>
            <models>
                <model file="sphere.3d" />
                <!-- generator box 2 3 box_2_3.3d -->
            </models>
        </group>

        <group>
            <transform>
                <rotate angle="90" x="0" y ="1" z = "0" />
                <translate x="3.5" y="0" z="0" />
            </transform>
            <models>
                <model file="cone.3d" />
                <!-- generator box 2 3 box_2_3.3d -->
            </models>
        </group>
        <group>
            <transform>
                <rotate angle="135" x="0" y ="1" z = "0" />
                <translate x="3.5" y="0" z="0" />
            </transform>
            <models>
                <model file="cylinder.3d" />
                <!-- generator box 2 3 box_2_3.3d -->
            </models>
        </group>



        <group>
            <transform>
                <rotate angle="225" x="0" y ="1" z = "0" />
                <translate x="3.5" y="0" z="0" />
            </transform>
            <models>
                <model file="plane.3d" />
                <!-- generator box 2 3 box_2_3.3d -->
            </models>
        </group>
        <group>
            <transform>
                <rotate angle="270" x="0" y ="1" z = "0" />
                <translate x="3.5" y="0" z="0" />
            </transform>
            <models>
                <model file="torus.3d" />
                <!-- generator box 2 3 box_2_3.3d -->
            </models>
        </group>
        <group>
            <transform>
                <rotate angle="315" x="0" y ="1" z = "0" />
                <translate x="3.5" y="0" z="0" />
            </transform>
            <models>
                <model file="box.3d" />
                <!-- generator box 2 3 box_2_3.3d -->
            </models>
        </group>
    </group>

    <group>
        <!--THIS IS A ROOT GROUP-->
        <group>
            <!--THIS IS A SUBGROUP-->
        </group>
    </group>

</world>