<world>
    <window width="800" height="600" />
    <camera>
        <position x="0" y="5" z="10" />
        <lookAt x="0" y="0" z="0" />
        <up x="0" y="1" z="0" />
        <projection fov="60" near="1" far="1000" />
    </camera>
    <group>
        <!-- sun ! -->
        <transform>
            <translate x="0" y="0" z="0" />
            <rotate angle="0" x="0" y="0" z="0" />
            <scale x="2" y="2" z="2" /> 
        </transform>
        <models>
            <model file="sphere.3d" />
        </models>
        <color r="0.7" g="0.6" b="0.1"/>
        <group>
            <!-- mercury ! -->
            <transform>
                <rotate angle="264" x="0" y="1" z="0" />
                <translate x="2.2" y="0" z="0" />
                <scale x="0.035" y="0.035" z="0.035" /> 
            </transform>
            <models>
                <model file="sphere.3d" />
            </models>
            <color r="0.6" g="0.5" b="0.4" />
        </group>
        <group>
            <!-- venus ! -->
            <transform>
                <rotate angle="9" x="0" y="1" z="0" />
                <translate x="3.9" y="0" z="0" />
                <scale x="0.087" y="0.087" z="0.087" /> 
            </transform>
            <models>
                <model file="sphere.3d" />
            </models>
            <color r="0.8" g="0.5" b="0.05"/>
        </group>
        <group>
            <!-- earth ! -->
            <transform>
                <rotate angle="37" x="0" y="1" z="0" />
                <translate x="5.35" y="0" z="0" />
                <scale x="0.0915" y="0.0915" z="0.0915" /> 
            </transform>
            <models>
                <model file="sphere.3d" />
            </models>

            <color r="0.2" g="0.3" b = "0.9" />

            <group>
                <!--- moon ! -->
                <transform>
                    <rotate angle="160" x="0" y="1" z="0" />
                    <translate x="1.51" y="0" z="0" />
                    <scale x="0.273" y="0.273" z="0.273" /> 
                </transform>
                <models>
                    <model file="sphere.3d" />
                </models>
                <color r="0.8" g="0.8" b="0.8" />
            </group>
        </group>
        <group>
            <!-- mars ! -->
            <transform>
                <rotate angle="357" x="0" y="1" z="0" />
                <translate x="8.2" y="0" z="0" />
                <scale x="0.0487" y="0.0487" z="0.0487" /> 
            </transform>
            <models>
                <model file="sphere.3d" />
            </models>
            <color r="0.8" g="0.2" b="0" />
        </group>

        <group>
            <!-- jupiter ! -->
            <transform>
                <rotate angle="298" x="0" y="1" z="0" />
                <translate x="27.95" y="0" z="0" />
                <scale x="0.7" y="0.7" z="0.7" /> 
            </transform>
            <models>
                <model file="sphere.3d" />
            </models>
            <color r="0.75" g="0.6" b="0.50" />
        </group>

        <group>
            <!-- saturn ! -->
            <transform>
                <rotate angle="111" x="0" y="1" z="0" />
                <translate x="51.35" y="0" z="0" />
                <scale x="0.68" y="0.68" z="0.68" /> 
            </transform>
            <models>
                <model file="sphere.3d" />
            </models>
            <group>
                <transform>
                    <scale x = "1.2" y="0" z="1.2"/>
                </transform>
                <models>
                    <model file="torus.3d" />
                </models>
                <color r="0.8"  g="0.8" b="0.8" a="0.4" />
            </group>
            
            <color r="0.7"  g="0.6" b="0.55" />
        </group>

        <group>
            <!-- uranus ! -->
            <transform>
                <rotate angle="54" x="0" y="1" z="0" />
                <translate x="70" y="0" z="0" />
                <scale x="0.364" y="0.364" z="0.364" /> 
            </transform>
            <models>
                <model file="sphere.3d" />
            </models>
            <color r="0.5" g="0.5" b="0.6" />
        </group>

        <group>
            <!-- neptune ! -->
            <transform>
                <rotate angle="223" x="0" y="1" z="0" />
                <translate x="90" y="0" z="0" />
                <scale x="0.354" y="0.354" z="0.354" /> 
            </transform>
            <models>
                <model file="sphere.3d" />
            </models>
            <color r="0.5" g="0.5" b="0.6" />
        </group>
    </group>
</world>